Longitude,Latitude
10.000000,46.287600
9.997500,46.288900
9.995000,46.291700
9.995280,46.296400
9.995000,46.300600
9.995000,46.305000
9.996110,46.309200
9.996110,46.313600
9.996380,46.318100
9.993330,46.320600
9.990010,46.323000
9.986940,46.325000
9.984450,46.328100
9.982500,46.331400
9.981950,46.334400
9.984160,46.337800
9.986390,46.340800
9.989170,46.343600
9.991390,46.346700
9.992780,46.350300
9.993610,46.354400
9.991940,46.357500
9.988620,46.360000
9.984730,46.361700
9.980290,46.363100
9.975560,46.365000
9.971660,46.366900
9.967220,46.368300
9.963330,46.370300
9.959440,46.372200
9.956390,46.374400
9.953060,46.376700
9.950000,46.379200
9.943890,46.380000
9.938610,46.379200
9.934450,46.377200
9.931110,46.375300
9.929720,46.372500
9.926390,46.371100
9.923050,46.373600
9.920560,46.376400
9.918060,46.379200
9.915560,46.381900
9.911120,46.383300
9.905000,46.383100
9.900280,46.381900
9.895550,46.380600
9.891660,46.378900
9.886950,46.377500
9.882220,46.376400
9.878050,46.374400
9.872790,46.373900
9.868060,46.372500
9.863340,46.371100
9.858060,46.370600
9.852780,46.369700
9.847500,46.369700
9.841380,46.370300
9.835550,46.369700
9.831390,46.368300
9.828060,46.365800
9.823900,46.364400
9.820550,46.362200
9.816390,46.360300
9.813060,46.358300
9.808900,46.356100
9.805000,46.354700
9.800840,46.353100
9.796110,46.351700
9.792780,46.349400
9.789440,46.347500
9.785280,46.345300
9.781110,46.343900
9.776670,46.342500
9.770550,46.342200
9.766110,46.343900
9.762220,46.345800
9.759720,46.348600
9.756940,46.351400
9.754440,46.354200
9.751380,46.356100
9.746670,46.358100
9.741660,46.358900
9.737500,46.357200
9.734720,46.354400
9.731400,46.352200
9.728620,46.349400
9.726390,46.346400
9.724160,46.343300
9.722770,46.339700
9.721390,46.335800
9.720560,46.331700
9.720270,46.328300
9.721390,46.324700
9.723890,46.322000
9.725830,46.318600
9.724160,46.315000
9.721390,46.312200
9.718610,46.309700
9.717220,46.305800
9.715010,46.302800
9.711670,46.300600
9.708340,46.298300
9.703060,46.297800
9.696940,46.297200
9.691660,46.298300
9.687790,46.300300
9.684720,46.302500
9.680830,46.304400
9.676110,46.305800
9.670280,46.305600
9.665550,46.304400
9.660840,46.303100
9.656950,46.301400
9.652780,46.299700
9.648620,46.297800
9.643880,46.296400
9.639990,46.295000
9.635280,46.293600
9.630550,46.292500
9.624720,46.292000
9.619440,46.293000
9.615550,46.295000
9.612220,46.297200
9.608330,46.299200
9.603050,46.299200
9.597220,46.298900
9.592490,46.297800
9.587780,46.296400
9.581950,46.296900
9.578060,46.298900
9.574170,46.300600
9.570840,46.303300
9.567770,46.305600
9.563060,46.307000
9.557780,46.307200
9.553890,46.305600
9.547220,46.305600
9.542500,46.307000
9.538610,46.308600
9.535560,46.311400
9.531670,46.313300
9.528330,46.315600
9.525280,46.317800
9.521390,46.319400
9.518880,46.322200
9.516400,46.325000
9.514440,46.328600
9.512500,46.331700
9.511940,46.335800
9.510830,46.339700
9.509730,46.342500
9.508610,46.346100
9.507500,46.349400
9.506110,46.353300
9.504450,46.356700
9.502490,46.360000
9.500560,46.363100
9.498050,46.365800
9.495000,46.368300
9.491660,46.370600
9.487790,46.372500
9.483890,46.374400
9.480000,46.376400
9.475560,46.377800
9.470830,46.379400
9.466390,46.380600
9.461660,46.381900
9.458610,46.384700
9.456670,46.387800
9.458880,46.391100
9.462230,46.393600
9.464440,46.396900
9.465280,46.400800
9.464730,46.405000
9.462780,46.408300
9.461110,46.411400
9.458340,46.414500
9.456670,46.417500
9.454170,46.420300
9.452220,46.423600
9.450280,46.426700
9.451120,46.430800
9.451940,46.435000
9.453600,46.438600
9.454990,46.442200
9.455830,46.446400
9.455280,46.450600
9.455560,46.455000
9.454990,46.459200
9.454440,46.463300
9.454720,46.467800
9.454990,46.472500
9.455830,46.476400
9.456670,46.480600
9.457500,46.484700
9.457500,46.489200
9.459170,46.492800
9.460000,46.496900
9.461390,46.500600
9.460840,46.504700
9.459170,46.508000
9.454440,46.509400
9.450550,46.507800
9.447780,46.505000
9.445000,46.502200
9.441380,46.500000
9.437510,46.498300
9.432230,46.497500
9.428060,46.495800
9.424720,46.493300
9.423060,46.490000
9.422220,46.485800
9.420830,46.482200
9.418620,46.479200
9.415840,46.476400
9.412500,46.474200
9.407780,46.472800
9.401940,46.473300
9.398060,46.475300
9.394170,46.477800
9.390830,46.480000
9.386940,46.481900
9.383890,46.484400
9.379720,46.486100
9.375280,46.487800
9.371390,46.489700
9.368890,46.492500
9.371660,46.494700
9.373620,46.498300
9.376390,46.500800
9.375830,46.505000
9.372780,46.507500
9.367500,46.508300
9.360830,46.508300
9.356120,46.507000
9.351380,46.505600
9.346670,46.504700
9.342780,46.503100
9.338050,46.502500
9.331400,46.502800
9.326120,46.503600
9.320840,46.504700
9.315010,46.504700
9.308890,46.504400
9.302220,46.504700
9.296940,46.503900
9.292770,46.501900
9.288880,46.500300
9.285280,46.498100
9.281940,46.495800
9.279160,46.493000
9.276390,46.490600
9.273610,46.487800
9.272220,46.483900
9.273330,46.480600
9.273880,46.476400
9.274450,46.472200
9.273610,46.468100
9.271380,46.465000
9.268890,46.462200
9.265280,46.460000
9.261950,46.457800
9.257770,46.456100
9.254440,46.453900
9.251670,46.451100
9.249730,46.448100
9.249440,46.444400
9.250000,46.440300
9.251120,46.436700
9.253060,46.433300
9.256950,46.431400
9.262230,46.430500
9.267510,46.429400
9.272790,46.428300
9.276660,46.426400
9.279160,46.424700
9.277230,46.425600
9.280550,46.423300
9.282220,46.420000
9.281670,46.415800
9.280830,46.411700
9.280000,46.407800
9.279160,46.403600
9.278890,46.399200
9.278050,46.395000
9.277780,46.390300
9.277780,46.386700
9.278340,46.382500
9.277500,46.378600
9.276660,46.374400
9.276390,46.370800
9.277780,46.366900
9.280830,46.364400
9.284720,46.362800
9.288610,46.360800
9.291950,46.358600
9.295000,46.356100
9.296940,46.353100
9.297510,46.348900
9.296670,46.344700
9.295280,46.341100
9.292500,46.338300
9.289720,46.335800
9.288880,46.332500
9.291390,46.329700
9.293340,46.326400
9.291950,46.323000
9.288330,46.320800
9.285560,46.318100
9.282780,46.315300
9.280280,46.312500
9.278610,46.308600
9.277230,46.305300
9.277780,46.301400
9.277500,46.296400
9.276660,46.292500
9.274720,46.289400
9.271950,46.286700
9.269170,46.284200
9.265830,46.281900
9.263050,46.279200
9.260270,46.276400
9.257500,46.273900
9.255280,46.270600
9.253330,46.267500
9.251940,46.263900
9.250280,46.260300
9.248890,46.256700
9.247500,46.252800
9.245840,46.248900
9.245000,46.244700
9.244450,46.240600
9.243610,46.236700
9.241380,46.233300
9.238610,46.230500
9.234730,46.228900
9.230000,46.227800
9.225280,46.226400
9.220550,46.225000
9.217780,46.222500
9.215000,46.219700
9.212220,46.216900
9.206940,46.216100
9.201660,46.215300
9.198340,46.213100
9.196110,46.210000
9.194720,46.206400
9.193900,46.202200
9.193060,46.198100
9.192220,46.194200
9.191670,46.190000
9.189440,46.186700
9.186660,46.184200
9.183340,46.181900
9.180560,46.179200
9.177220,46.176900
9.172500,46.175600
9.167770,46.174400
9.163060,46.173100
9.158620,46.171700
9.153340,46.170800
9.148610,46.169700
9.144440,46.168100
9.141120,46.165800
9.139160,46.164700
9.135840,46.162500
9.132220,46.160300
9.129720,46.157800
9.126940,46.155000
9.123610,46.152800
9.120840,46.150000
9.118060,46.147200
9.115280,46.144700
9.112500,46.141900
9.109160,46.139700
9.106390,46.136900
9.103060,46.134700
9.099720,46.132500
9.096390,46.130300
9.093050,46.128100
9.089450,46.125800
9.086110,46.123600
9.083330,46.121100
9.081390,46.117800
9.080000,46.114200
9.080550,46.110000
9.081670,46.106100
9.082780,46.102800
9.084720,46.099400
9.085830,46.095800
9.087790,46.092500
9.088880,46.088600
9.088060,46.084400
9.086670,46.081100
9.084440,46.078000
9.082510,46.074700
9.080280,46.071700
9.077780,46.068900
9.075000,46.066400
9.070280,46.065000
9.065550,46.063600
9.060270,46.062800
9.055560,46.061400
9.050280,46.060800
9.045000,46.060000
9.040280,46.058600
9.035830,46.057200
9.031660,46.055600
9.027770,46.053900
9.023610,46.051900
9.020280,46.049700
9.016390,46.047800
9.013610,46.045000
9.011380,46.042200
9.009450,46.039200
9.008610,46.035000
9.009170,46.030800
9.011670,46.028100
9.014160,46.025300
9.016660,46.022500
9.020000,46.020000
9.022510,46.017200
9.025830,46.015000
9.028890,46.012800
9.031390,46.009700
9.033330,46.006700
9.033890,46.002500
9.032930,46.000000
9.032500,45.998900
9.029720,45.996100
9.026380,45.993900
9.022220,45.992200
9.018890,45.990000
9.015000,45.988100
9.011670,45.985800
9.007510,45.983900
9.004170,45.981900
9.000840,45.979700
9.000000,45.978900
8.998060,45.976900
8.996670,45.973300
8.998610,45.970300
9.000000,45.968700
9.001110,45.967500
9.005000,45.965600
9.009450,45.964200
9.014160,45.962500
9.016660,45.959700
9.015840,45.955800
9.015000,45.951700
9.015550,45.947500
9.017500,45.944200
9.021120,45.942500
9.023060,45.939200
9.024990,45.935800
9.028060,45.933600
9.031940,45.931700
9.037220,45.930600
9.041950,45.929200
9.046940,45.928300
9.052220,45.927200
9.057500,45.926100
9.062780,45.925300
9.066670,45.924200
9.069170,45.922500
9.071110,45.919200
9.074170,45.916700
9.079440,45.915800
9.081390,45.912500
9.081120,45.908000
9.082220,45.904400
9.085560,45.901900
9.085560,45.899200
9.083890,45.895600
9.081390,45.892800
9.078610,45.890300
9.075270,45.887500
9.072500,45.884700
9.069170,45.882500
9.065830,45.880300
9.062500,45.878000
9.058340,45.876400
9.055560,45.873600
9.053600,45.870600
9.051390,45.867200
9.050830,45.863100
9.050550,45.858600
9.051670,45.855000
9.049730,45.851900
9.046940,45.849200
9.044160,45.846400
9.041380,45.843900
9.038900,45.841100
9.036670,45.837800
9.036670,45.833100
9.036940,45.829200
9.035550,45.825600
9.031660,45.823600
9.026380,45.823100
9.021120,45.822200
9.016390,45.820800
9.011950,45.820600
9.005830,45.820800
9.001940,45.822800
9.000000,45.825100
8.999450,45.825800
8.998340,45.829400
8.995830,45.832200
8.992490,45.834400
8.989440,45.836900
8.984730,45.835600
8.980000,45.834200
8.976100,45.832500
8.970840,45.831700
8.965560,45.832800
8.963060,45.835600
8.962490,45.839400
8.960830,45.842800
8.956940,45.844700
8.951110,45.845300
8.945010,45.845000
8.940280,45.843600
8.936390,45.841700
8.932490,45.840000
8.928330,45.838300
8.925000,45.835800
8.921660,45.833900
8.917220,45.833100
8.915280,45.836700
8.916110,45.840800
8.918880,45.843300
8.920840,45.846700
8.922770,45.849400
8.925000,45.853100
8.926940,45.856100
8.929170,45.859700
8.931940,45.862500
8.933880,45.865600
8.936110,45.868900
8.936660,45.872500
8.936390,45.876700
8.934450,45.880300
8.932490,45.883300
8.930560,45.886700
8.929440,45.890300
8.928330,45.894200
8.927780,45.897200
8.926670,45.900800
8.925280,45.903600
8.923340,45.907000
8.920840,45.910300
8.918330,45.913100
8.915280,45.915300
8.912500,45.918100
8.909440,45.920300
8.906950,45.923000
8.903610,45.925600
8.900560,45.927800
8.898600,45.931100
8.896670,45.934400
8.898050,45.938000
8.899720,45.941700
8.900280,45.945600
8.900010,45.949700
8.898050,45.953100
8.895550,45.955800
8.891660,45.957800
8.886950,45.959200
8.881670,45.960300
8.876660,45.961100
8.871950,45.962500
8.868060,45.964400
8.863610,45.965800
8.859720,45.967800
8.854990,45.968900
8.851940,45.971700
8.848050,45.973300
8.844160,45.975300
8.842220,45.976700
8.838330,45.978600
8.834440,45.980600
8.830550,45.982500
8.826670,45.983900
8.821940,45.985800
8.817500,45.987200
8.813060,45.988600
8.811110,45.989200
8.805000,45.989700
8.798610,45.989700
8.791940,45.989700
8.785280,45.990000
8.786660,45.992800
8.788890,45.995800
8.791670,45.998600
8.792550,46.000000
8.793610,46.001700
8.794450,46.005600
8.795280,46.009700
8.795830,46.013900
8.796670,46.017800
8.798890,46.021400
8.800270,46.025000
8.804170,46.026700
8.808330,46.028300
8.812220,46.030300
8.816940,46.031400
8.820280,46.033900
8.823610,46.036100
8.825830,46.039200
8.827770,46.042200
8.829720,46.045600
8.831390,46.049200
8.834730,46.051400
8.841110,46.051400
8.846390,46.052200
8.850000,46.054400
8.852510,46.056900
8.853330,46.061100
8.852780,46.065300
8.851670,46.068900
8.850550,46.072200
8.848620,46.075800
8.846660,46.079200
8.844160,46.081700
8.840830,46.084200
8.837780,46.086700
8.835280,46.089400
8.831940,46.091700
8.828610,46.093900
8.826110,46.096700
8.822220,46.098600
8.818330,46.100600
8.813060,46.101700
8.807220,46.100800
8.801940,46.100300
8.797770,46.098600
8.793900,46.096700
8.789170,46.095300
8.783890,46.096400
8.779450,46.097800
8.775560,46.099400
8.770280,46.100800
8.764450,46.101400
8.761100,46.103600
8.758620,46.106100
8.756660,46.109700
8.754730,46.112800
8.753610,46.116700
8.751660,46.119700
8.747220,46.121100
8.743890,46.118900
8.741120,46.116400
8.737770,46.114200
8.734450,46.111700
8.731110,46.109400
8.726940,46.107500
8.723610,46.105600
8.719720,46.103600
8.715010,46.102200
8.709730,46.101700
8.704450,46.100800
8.697780,46.100800
8.691950,46.101400
8.688060,46.103300
8.684720,46.105600
8.682220,46.108300
8.679730,46.111100
8.676390,46.113600
8.670560,46.113100
8.665830,46.111700
8.660560,46.111700
8.656670,46.113900
8.654170,46.116700
8.650830,46.118900
8.648340,46.121700
8.644450,46.123600
8.638330,46.123900
8.632500,46.123600
8.627770,46.122500
8.623060,46.121100
8.617780,46.120300
8.613890,46.122200
8.612770,46.125800
8.613610,46.130000
8.613610,46.134400
8.612500,46.138000
8.608610,46.140000
8.603890,46.141400
8.601390,46.144200
8.598890,46.146900
8.599730,46.151100
8.600270,46.155300
8.600550,46.159700
8.599160,46.163300
8.595280,46.165300
8.590830,46.166700
8.585550,46.167800
8.580290,46.168600
8.575830,46.170300
8.573050,46.173100
8.570000,46.175300
8.568610,46.178900
8.566110,46.181700
8.563610,46.184500
8.561100,46.187200
8.557780,46.189700
8.554440,46.191900
8.551380,46.194200
8.547220,46.196100
8.543330,46.198100
8.539440,46.200300
8.536950,46.203100
8.535000,46.206400
8.534450,46.210600
8.533330,46.214200
8.530010,46.216900
8.526940,46.218900
8.522220,46.220300
8.515560,46.220800
8.509160,46.220800
8.503880,46.221700
8.500560,46.224200
8.496670,46.226100
8.491950,46.227500
8.486110,46.228100
8.480280,46.228600
8.475000,46.229400
8.469720,46.230500
8.463610,46.231100
8.460560,46.233300
8.460000,46.237500
8.457220,46.240300
8.454170,46.242500
8.449440,46.243900
8.445560,46.245800
8.444450,46.248600
8.445000,46.252800
8.447230,46.255600
8.448620,46.259400
8.450550,46.262800
8.450830,46.267200
8.450280,46.271400
8.447500,46.274200
8.445840,46.277200
8.443060,46.280000
8.440560,46.282800
8.437220,46.285300
8.435280,46.288300
8.434160,46.291100
8.435000,46.295000
8.436940,46.298300
8.438330,46.302200
8.439720,46.305800
8.441110,46.309400
8.442500,46.312800
8.443340,46.317200
8.445560,46.320300
8.447500,46.323300
8.450280,46.326100
8.453060,46.328900
8.455560,46.331700
8.458340,46.334200
8.459170,46.338300
8.458610,46.342500
8.457220,46.346100
8.457500,46.350800
8.458880,46.354400
8.460840,46.357500
8.463050,46.360800
8.464440,46.364400
8.465830,46.368100
8.465830,46.372500
8.466120,46.377200
8.464730,46.380600
8.464160,46.385000
8.463610,46.389200
8.464440,46.393100
8.466670,46.396400
8.466670,46.400000
8.466120,46.404200
8.463610,46.406900
8.462230,46.410600
8.461110,46.414200
8.459720,46.417800
8.458610,46.421700
8.457220,46.425300
8.457500,46.428900
8.458060,46.433100
8.459720,46.436700
8.461110,46.440300
8.461660,46.444400
8.461110,46.448600
8.460000,46.452200
8.457500,46.455000
8.454720,46.457800
8.451670,46.460000
8.447500,46.462000
8.442220,46.462800
8.436390,46.463300
8.430270,46.463100
8.425830,46.461700
8.421120,46.460300
8.416390,46.459200
8.411670,46.457800
8.406390,46.456700
8.401110,46.456100
8.395830,46.455300
8.389720,46.454700
8.383890,46.454400
8.377780,46.453900
8.371110,46.454200
8.365270,46.453600
8.361100,46.451900
8.357230,46.450000
8.353060,46.447800
8.349720,46.445600
8.346400,46.443100
8.342500,46.441700
8.338890,46.439400
8.336390,46.436700
8.332220,46.435000
8.333060,46.434700
8.331670,46.434400
8.328330,46.432200
8.325000,46.430000
8.320840,46.428100
8.316950,46.426400
8.312210,46.425000
8.306110,46.424700
8.302780,46.422500
8.299990,46.419700
8.298050,46.416400
8.296670,46.412800
8.298600,46.409700
8.302490,46.407800
8.306390,46.405800
8.311120,46.404400
8.313600,46.401700
8.315560,46.398600
8.314720,46.394400
8.313330,46.390800
8.310550,46.388100
8.307230,46.385800
8.304720,46.383100
8.301950,46.380300
8.299170,46.377800
8.295830,46.375300
8.291660,46.373600
8.287790,46.371900
8.283890,46.369700
8.279730,46.368300
8.273880,46.367800
8.267780,46.367200
8.263890,46.365600
8.261110,46.363100
8.260270,46.358900
8.258880,46.355300
8.257500,46.351700
8.254720,46.348900
8.250830,46.347200
8.245560,46.346100
8.238900,46.346400
8.235000,46.344400
8.231660,46.342200
8.228890,46.339400
8.226110,46.336900
8.224720,46.333100
8.222780,46.330000
8.220550,46.326900
8.218050,46.324200
8.215270,46.321400
8.212500,46.318600
8.209720,46.316100
8.207780,46.312800
8.204440,46.310600
8.200270,46.308600
8.196380,46.307000
8.191100,46.305800
8.185840,46.305300
8.180560,46.304400
8.177220,46.302200
8.173050,46.300300
8.167770,46.299200
8.161100,46.299200
8.155840,46.300600
8.150560,46.301400
8.144170,46.301700
8.139440,46.300300
8.135270,46.298300
8.131400,46.296400
8.128050,46.294400
8.124160,46.292500
8.120560,46.290300
8.117220,46.288100
8.113890,46.285600
8.111390,46.282800
8.108050,46.280800
8.105270,46.278000
8.102490,46.275000
8.099720,46.271900
8.097220,46.269200
8.095000,46.266400
8.092500,46.263600
8.090270,46.260600
8.090840,46.256400
8.095000,46.254400
8.099440,46.253100
8.104720,46.252200
8.108610,46.250300
8.111940,46.247800
8.115280,46.245600
8.117220,46.242500
8.118330,46.238600
8.121110,46.235800
8.124160,46.233600
8.128050,46.231700
8.132780,46.230300
8.136660,46.228600
8.140000,46.226100
8.141940,46.223100
8.143890,46.219700
8.144440,46.215500
8.145560,46.211900
8.146110,46.207800
8.147490,46.204200
8.149450,46.200800
8.151380,46.197800
8.153890,46.195000
8.156390,46.192200
8.158330,46.188900
8.158890,46.185000
8.159440,46.180800
8.158890,46.176700
8.156120,46.173900
8.152770,46.171700
8.150000,46.168900
8.148610,46.165300
8.150560,46.162200
8.150560,46.157500
8.150270,46.153100
8.148880,46.149400
8.146400,46.146700
8.143050,46.144400
8.138890,46.142500
8.135000,46.140800
8.130280,46.139400
8.125000,46.138600
8.121110,46.136700
8.118330,46.134200
8.115560,46.131400
8.113600,46.128100
8.112210,46.124400
8.110280,46.121100
8.107500,46.118300
8.104720,46.115800
8.102220,46.113100
8.098050,46.111400
8.093610,46.110000
8.088880,46.108600
8.084170,46.107500
8.078890,46.106700
8.075000,46.105600
8.071110,46.105800
8.064440,46.105800
8.058610,46.105300
8.053330,46.104400
8.048620,46.103100
8.045270,46.100800
8.042500,46.098100
8.040560,46.095000
8.039170,46.091400
8.037220,46.088100
8.035830,46.084400
8.033620,46.081400
8.032230,46.077800
8.030270,46.074400
8.029450,46.070600
8.028060,46.066700
8.028060,46.062200
8.029450,46.058600
8.031940,46.055800
8.034440,46.053100
8.037780,46.050600
8.038900,46.046900
8.038330,46.043100
8.035550,46.040300
8.031660,46.038300
8.027770,46.036700
8.024440,46.034200
8.020280,46.032500
8.017780,46.029700
8.015550,46.026700
8.015550,46.021900
8.015550,46.017500
8.014720,46.013300
8.011950,46.010800
8.008610,46.008300
8.004720,46.006700
8.001390,46.004400
8.000000,46.003500
7.986310,46.000000
7.987500,46.000300
7.992780,46.001400
7.998060,46.002200
8.000000,46.003500
7.986310,46.000000
7.982770,45.999200
7.978330,45.997800
7.973050,45.996900
7.966950,45.996100
7.961100,45.995600
7.955280,45.995300
7.950000,45.994200
7.943330,45.994400
7.936660,45.994400
7.930280,45.994400
7.923610,45.994400
7.916950,45.994400
7.911120,45.994200
7.906390,45.992800
7.902490,45.991100
7.899720,45.988300
7.897220,45.985500
7.893890,45.983300
7.890000,45.981100
7.885830,45.979700
7.881940,45.977800
7.879160,45.975300
7.876660,45.972500
7.875270,45.968900
7.874450,45.964700
7.875000,45.960600
7.874450,45.956400
7.872220,45.953300
7.869170,45.951100
7.866390,45.948300
7.865550,45.945000
7.867510,45.941900
7.869440,45.938600
7.869990,45.934400
7.869440,45.930600
7.868060,45.926700
7.866120,45.923600
7.863340,45.920800
7.858610,45.919400
7.852780,45.920000
7.848340,45.921400
7.844450,45.923300
7.839720,45.924700
7.835830,45.926700
7.830550,45.927500
7.824720,45.927200
7.819440,45.926100
7.814160,45.925300
7.810280,45.923600
7.806100,45.921700
7.801660,45.920300
7.796380,45.919400
7.791100,45.919400
7.787230,45.921400
7.783890,45.923600
7.781380,45.926400
7.779450,45.929700
7.777490,45.932800
7.774720,45.935600
7.772230,45.938300
7.768340,45.940300
7.763060,45.941100
7.757230,45.940800
7.752500,45.939400
7.749170,45.937200
7.745830,45.935000
7.743330,45.932200
7.740000,45.930000
7.735840,45.928100
7.731400,45.926700
7.724730,45.926900
7.720270,45.928300
7.716950,45.930600
7.713600,45.932800
7.711120,45.935600
7.709730,45.939200
7.709160,45.943100
7.710000,45.947500
7.709160,45.951700
7.706110,45.953900
7.701400,45.955300
7.696120,45.956100
7.690840,45.957200
7.686400,45.958600
7.681120,45.959400
7.678610,45.961400
7.678340,45.961400
7.672500,45.964400
7.668060,45.967500
7.665550,45.970000
7.663050,45.972800
7.659720,45.975300
7.656380,45.977500
7.653060,45.980000
7.647500,45.981100
7.642500,45.980600
7.637510,45.979700
7.632230,45.979700
7.626670,45.979400
7.621390,45.979400
7.616390,45.978600
7.611110,45.978600
7.605550,45.978300
7.599730,45.978900
7.593610,45.979200
7.588050,45.980600
7.582500,45.981900
7.578880,45.983300
7.574720,45.985300
7.570840,45.987800
7.566670,45.989700
7.561100,45.991100
7.555550,45.990800
7.550270,45.990800
7.545830,45.989400
7.541940,45.987800
7.539440,45.984500
7.536660,45.981700
7.534720,45.977500
7.534170,45.973600
7.534450,45.969700
7.534720,45.965800
7.531110,45.963600
7.526940,45.962500
7.521950,45.961700
7.516110,45.962200
7.510550,45.961900
7.504720,45.962500
7.499720,45.961700
7.494440,45.961700
7.490000,45.960300
7.485560,45.959200
7.481670,45.957200
7.478340,45.955000
7.475270,45.952200
7.472500,45.949400
7.469170,45.946900
7.465280,45.945300
7.461950,45.943100
7.458060,45.941100
7.454170,45.939400
7.449440,45.937800
7.445560,45.935800
7.441670,45.934200
7.437510,45.933100
7.433620,45.931100
7.429720,45.929400
7.425280,45.928100
7.421390,45.926400
7.416940,45.925300
7.413060,45.923300
7.408610,45.922200
7.404720,45.920300
7.400840,45.918600
7.396380,45.917500
7.393330,45.916100
7.389170,45.915600
7.384450,45.915000
7.378880,45.914700
7.373330,45.916100
7.367500,45.917500
7.362780,45.918900
7.356390,45.920000
7.350000,45.920800
7.344440,45.920800
7.338890,45.920600
7.334170,45.920000
7.329170,45.919200
7.324730,45.919400
7.318060,45.920300
7.313330,45.922000
7.306950,45.922800
7.300280,45.923900
7.295550,45.923000
7.291110,45.922000
7.287220,45.920000
7.283330,45.918300
7.280000,45.916100
7.276660,45.913600
7.273330,45.911400
7.269990,45.909200
7.266390,45.906700
7.262500,45.905000
7.258340,45.903600
7.254440,45.901900
7.250000,45.900800
7.245000,45.900000
7.240280,45.899400
7.235280,45.898600
7.230270,45.898100
7.226670,45.896900
7.222220,45.895800
7.217500,45.895000
7.213060,45.893900
7.208610,45.892800
7.205830,45.890300
7.203050,45.887500
7.199730,45.885000
7.196950,45.881900
7.193060,45.880600
7.188620,45.879200
7.183060,45.879200
7.177490,45.880300
7.171940,45.881700
7.166110,45.882800
7.159720,45.883900
7.153340,45.884700
7.148060,45.884400
7.143050,45.883900
7.138050,45.883100
7.133880,45.881900
7.128890,45.881100
7.123340,45.881100
7.117490,45.880600
7.111390,45.881400
7.105000,45.881900
7.099440,45.883600
7.095280,45.885600
7.091110,45.887500
7.087790,45.889700
7.084440,45.892200
7.081120,45.894400
7.077780,45.896900
7.075270,45.899400
7.071950,45.901900
7.068600,45.904200
7.066120,45.907000
7.062780,45.909200
7.060270,45.911900
7.057500,45.914700
7.054990,45.917500
7.052510,45.920000
7.050550,45.923000
7.048050,45.925800
7.045560,45.928600
7.043610,45.930600
7.039170,45.931700
7.039170,45.932200
7.039990,45.932200
7.036940,45.933900
7.033620,45.936100
7.031110,45.938900
7.029450,45.941900
7.027500,45.945000
7.028060,45.949200
7.029450,45.953600
7.030840,45.958100
7.030550,45.961900
7.028610,45.965000
7.024720,45.966900
7.019710,45.968600
7.014720,45.970300
7.009990,45.971700
7.006670,45.974200
7.005550,45.977500
7.008900,45.980000
7.011670,45.982500
7.013060,45.987200
7.011380,45.990300
7.010280,45.993300
7.008610,45.996700
7.005830,45.999500
7.004720,46.000000
7.001940,46.001400
7.000000,46.002300
6.997770,46.003300
6.994450,46.005600
6.991100,46.008100
6.988330,46.010800
6.985000,46.013100
6.981670,46.015300
6.979170,46.017800
6.975830,46.020600
6.973330,46.023300
6.970000,46.025800
6.967500,46.028600
6.964170,46.030800
6.960830,46.033300
6.957500,46.035600
6.954160,46.038100
6.950840,46.040300
6.947490,46.042800
6.944170,46.045000
6.940830,46.047200
6.938050,46.050000
6.935560,46.052800
6.933060,46.055300
6.931940,46.058600
6.930830,46.062200
6.929170,46.065300
6.922770,46.066100
6.917780,46.065600
6.913890,46.063600
6.909440,46.062500
6.905560,46.060600
6.901670,46.058600
6.898330,46.056400
6.894440,46.054700
6.891110,46.052500
6.887220,46.050600
6.881940,46.050600
6.876950,46.051900
6.871380,46.051900
6.866670,46.053600
6.864730,46.056700
6.864440,46.060000
6.865000,46.064400
6.866940,46.068100
6.869170,46.071700
6.871950,46.074700
6.874450,46.078000
6.876660,46.081400
6.876390,46.085300
6.873880,46.088100
6.868890,46.089400
6.865550,46.092000
6.864730,46.095300
6.867510,46.098100
6.871380,46.100000
6.875270,46.101700
6.879160,46.103600
6.881390,46.107000
6.883330,46.110800
6.884440,46.115300
6.886400,46.119200
6.886110,46.123000
6.884440,46.126100
6.879440,46.127800
6.873610,46.128100
6.867510,46.128100
6.861110,46.129400
6.854990,46.129400
6.849440,46.130600
6.843880,46.131900
6.839720,46.134200
6.835550,46.136100
6.831390,46.138000
6.825830,46.138000
6.821120,46.137200
6.815550,46.137200
6.809720,46.137500
6.804440,46.138000
6.800270,46.140300
6.794720,46.141400
6.788050,46.142200
6.785550,46.145000
6.783890,46.148100
6.783610,46.151900
6.783340,46.155600
6.782220,46.158900
6.781110,46.162500
6.780830,46.166100
6.783340,46.169500
6.786110,46.172500
6.788890,46.175300
6.791390,46.178600
6.793060,46.182500
6.795000,46.186700
6.796110,46.191100
6.796670,46.195300
6.796380,46.198900
6.796110,46.202800
6.795280,46.206100
6.794170,46.209400
6.794720,46.213600
6.795280,46.217800
6.796950,46.221700
6.799450,46.225000
6.802230,46.228100
6.804440,46.231100
6.807510,46.233900
6.810280,46.237200
6.813060,46.240000
6.816110,46.242800
6.819440,46.245300
6.822780,46.247500
6.825560,46.250300
6.828340,46.253300
6.831940,46.255600
6.835280,46.257800
6.838060,46.260800
6.840830,46.263600
6.843340,46.266900
6.844450,46.271400
6.843610,46.275000
6.842500,46.278300
6.842220,46.281900
6.840560,46.285000
6.839440,46.288600
6.836670,46.291100
6.833330,46.293600
6.830000,46.295800
6.826670,46.297800
6.823330,46.300600
6.820830,46.303300
6.818050,46.305800
6.816390,46.308600
6.814450,46.311900
6.811950,46.314700
6.809450,46.317500
6.806100,46.319400
6.801940,46.321700
6.798340,46.323600
6.795830,46.326400
6.793330,46.329400
6.790010,46.331700
6.786660,46.334200
6.783890,46.336700
6.780560,46.339200
6.778060,46.341700
6.775280,46.344400
6.772780,46.347200
6.769450,46.349400
6.767500,46.352200
6.766670,46.355800
6.767220,46.360000
6.770550,46.362500
6.773890,46.364400
6.777780,46.366400
6.781670,46.368300
6.785550,46.369700
6.789440,46.371900
6.793330,46.373600
6.796670,46.376100
6.800000,46.378100
6.802500,46.381700
6.803620,46.386100
6.803620,46.390000
6.803330,46.393600
6.804440,46.398100
6.806390,46.402200
6.807780,46.406700
6.808900,46.411100
6.809450,46.415300
6.808330,46.418600
6.806670,46.421700
6.804720,46.424700
6.803050,46.427800
6.800270,46.430500
6.796110,46.432500
6.791390,46.434200
6.786110,46.434700
6.780290,46.436100
6.775560,46.437500
6.769730,46.438900
6.763330,46.439700
6.757500,46.441100
6.752500,46.442800
6.747780,46.444200
6.742780,46.445800
6.737770,46.447500
6.731940,46.448600
6.726390,46.450000
6.719720,46.450800
6.714170,46.452200
6.708340,46.453300
6.702780,46.454700
6.696120,46.455300
6.690560,46.456700
6.684440,46.457200
6.678050,46.458100
6.671950,46.458300
6.665550,46.459200
6.659720,46.460600
6.653330,46.461400
6.646660,46.462200
6.640280,46.463300
6.633620,46.464200
6.628890,46.463300
6.623900,46.462800
6.619440,46.461400
6.615000,46.460300
6.610560,46.458900
6.605550,46.458100
6.600840,46.457500
6.595830,46.456700
6.589720,46.456700
6.583890,46.457500
6.577780,46.457800
6.571940,46.458100
6.565840,46.458600
6.560010,46.458900
6.554440,46.458600
6.548330,46.458900
6.542500,46.459400
6.536950,46.459200
6.531400,46.458900
6.525550,46.459400
6.520000,46.459200
6.515280,46.458300
6.510280,46.457800
6.505270,46.456700
6.500830,46.455800
6.496390,46.454400
6.491950,46.453100
6.488060,46.451400
6.484170,46.449400
6.480280,46.447800
6.476390,46.446100
6.473060,46.443600
6.469170,46.441900
6.465280,46.440000
6.462500,46.437200
6.458610,46.435300
6.455280,46.433100
6.451940,46.430800
6.448340,46.428300
6.445000,46.426100
6.441110,46.424200
6.437780,46.421900
6.433890,46.420000
6.430000,46.418300
6.426110,46.416400
6.422220,46.414700
6.417230,46.413900
6.413060,46.412800
6.408060,46.411900
6.403050,46.411100
6.398060,46.410600
6.393060,46.409700
6.387780,46.409400
6.382220,46.409400
6.376940,46.409200
6.371940,46.408300
6.365840,46.408900
6.360560,46.408600
6.355000,46.408300
6.349450,46.408300
6.343620,46.408600
6.338610,46.407800
6.333060,46.407500
6.328330,46.406900
6.323890,46.405600
6.319450,46.404400
6.315560,46.402500
6.311120,46.401400
6.307230,46.399500
6.303330,46.397800
6.299440,46.395800
6.295550,46.394200
6.292770,46.391100
6.290000,46.388300
6.287500,46.385000
6.285280,46.381400
6.282510,46.378600
6.279160,46.376400
6.275840,46.373900
6.271950,46.372200
6.268060,46.370300
6.264160,46.368300
6.260270,46.366700
6.256380,46.365000
6.253060,46.362500
6.249730,46.360300
6.246390,46.357500
6.243340,46.355000
6.241110,46.351700
6.238900,46.348100
6.236390,46.344700
6.234730,46.340800
6.232500,46.337200
6.230000,46.333900
6.228340,46.330000
6.226670,46.326100
6.225560,46.322200
6.228060,46.319400
6.233890,46.318600
6.239440,46.316900
6.244450,46.315300
6.249440,46.313600
6.252780,46.311400
6.253890,46.308000
6.252220,46.305000
6.248890,46.302500
6.245000,46.300600
6.242220,46.297800
6.243340,46.294400
6.245000,46.291400
6.246940,46.288300
6.248050,46.285000
6.250550,46.282200
6.252510,46.279200
6.254440,46.276400
6.256110,46.273300
6.258880,46.270600
6.261390,46.267800
6.263890,46.265300
6.267510,46.262800
6.271950,46.262000
6.274720,46.264700
6.278050,46.266900
6.280830,46.270000
6.284720,46.271700
6.289720,46.272500
6.293050,46.270000
6.295550,46.267500
6.297510,46.264400
6.299990,46.261700
6.301950,46.258300
6.303610,46.255600
6.305560,46.252500
6.305000,46.248600
6.303060,46.245800
6.299720,46.243300
6.295830,46.241900
6.291390,46.240600
6.287500,46.238900
6.283600,46.236900
6.279730,46.235000
6.275840,46.233300
6.271950,46.231100
6.268600,46.229200
6.264730,46.227500
6.260840,46.225600
6.257220,46.223900
6.253330,46.221900
6.249440,46.220300
6.245560,46.218300
6.241110,46.216900
6.237220,46.215300
6.233330,46.213300
6.228890,46.212200
6.224990,46.210300
6.221670,46.208100
6.218890,46.205300
6.216660,46.201700
6.212770,46.200000
6.208330,46.198600
6.203890,46.197500
6.199450,46.196100
6.195830,46.194200
6.192780,46.191400
6.190550,46.188100
6.190830,46.184200
6.191100,46.180600
6.191390,46.176700
6.189170,46.173300
6.185840,46.170800
6.181950,46.169200
6.177490,46.167800
6.173620,46.166100
6.169730,46.164200
6.166380,46.161900
6.163060,46.159400
6.159170,46.157800
6.155840,46.155300
6.152220,46.153600
6.147780,46.152200
6.142780,46.151700
6.138340,46.150300
6.133610,46.149400
6.128620,46.148900
6.123610,46.148100
6.118330,46.147800
6.112780,46.147800
6.106950,46.148100
6.101110,46.149200
6.097780,46.151700
6.094440,46.153900
6.091110,46.156100
6.084990,46.156400
6.080000,46.155800
6.074720,46.155600
6.069170,46.155300
6.064440,46.154700
6.060000,46.153300
6.055560,46.151900
6.052780,46.149200
6.048890,46.147200
6.045000,46.145600
6.039720,46.145300
6.033050,46.146100
6.028340,46.147800
6.022510,46.148900
6.016110,46.149700
6.010560,46.149700
6.005830,46.148900
6.001390,46.147500
6.000000,46.147300
5.996380,46.146900
5.991940,46.145600
5.987780,46.144200
5.983890,46.142500
5.979450,46.141100
5.974440,46.140600
5.969730,46.139700
5.965840,46.140300
5.969160,46.142500
5.971940,46.145600
5.975280,46.147800
5.978060,46.150600
5.980290,46.154200
5.983060,46.156900
5.985840,46.160000
5.988620,46.162800
5.991390,46.165600
5.994450,46.168600
5.997770,46.170800
6.000000,46.174200
5.999730,46.178100
5.996950,46.180800
5.994450,46.183300
5.991100,46.185800
5.987500,46.188100
5.984160,46.190300
5.980830,46.192800
5.976670,46.194400
5.973330,46.196900
5.970000,46.199200
5.967220,46.201900
5.966110,46.205300
5.966670,46.209400
5.968060,46.212500
5.971390,46.214700
5.974720,46.217200
5.978060,46.219400
5.981380,46.221900
5.985280,46.223600
5.989170,46.225600
5.993060,46.227200
5.997500,46.228600
6.000000,46.229700
6.001390,46.230300
6.005280,46.232200
6.009170,46.233900
6.013340,46.235300
6.017780,46.236700
6.021670,46.238300
6.026110,46.239700
6.030000,46.241400
6.035000,46.242200
6.039720,46.243100
6.044720,46.243300
6.049160,46.244700
6.053060,46.246900
6.056950,46.248600
6.060840,46.250600
6.066670,46.250000
6.072500,46.249700
6.077500,46.248300
6.082510,46.246700
6.086950,46.247800
6.090270,46.250300
6.093610,46.252500
6.097510,46.254400
6.103060,46.253100
6.107770,46.253100
6.111120,46.255300
6.114440,46.257800
6.117220,46.260600
6.119170,46.264400
6.118060,46.267800
6.116110,46.271100
6.114440,46.274200
6.112500,46.277000
6.110550,46.280000
6.108890,46.282800
6.106110,46.285600
6.105000,46.289200
6.104720,46.293000
6.106110,46.297500
6.108340,46.300600
6.111670,46.303300
6.115010,46.305600
6.117780,46.308300
6.120270,46.311900
6.121950,46.315800
6.123340,46.320300
6.122220,46.321400
6.121950,46.320800
6.125280,46.323300
6.128330,46.326100
6.130560,46.329400
6.132220,46.333600
6.134170,46.337200
6.136390,46.340800
6.138610,46.343900
6.141390,46.347200
6.143890,46.350600
6.146670,46.353300
6.148880,46.356900
6.151110,46.360300
6.154160,46.363100
6.156390,46.366700
6.158620,46.369700
6.158330,46.373900
6.157230,46.377200
6.155550,46.380300
6.153610,46.383300
6.151660,46.386400
6.148330,46.388600
6.144170,46.390600
6.140000,46.392500
6.135840,46.394400
6.131670,46.396400
6.128330,46.398600
6.124730,46.401100
6.121390,46.403300
6.124440,46.401900
6.121390,46.402800
6.117780,46.405300
6.114440,46.407500
6.111120,46.409700
6.106950,46.411700
6.101950,46.413300
6.096940,46.415000
6.092770,46.416900
6.089450,46.419200
6.085280,46.421100
6.081120,46.423100
6.075270,46.424400
6.071110,46.426400
6.073330,46.428900
6.076660,46.431100
6.079440,46.434200
6.082780,46.436400
6.085560,46.439200
6.087790,46.442800
6.088060,46.445800
6.086950,46.449400
6.084440,46.451900
6.082510,46.455000
6.080550,46.458100
6.078050,46.460800
6.076950,46.464200
6.076660,46.467800
6.077230,46.471900
6.078890,46.475800
6.081670,46.478900
6.084990,46.481100
6.088060,46.483900
6.091390,46.486400
6.094730,46.488900
6.097510,46.491700
6.100280,46.494400
6.103610,46.496900
6.106390,46.499700
6.110000,46.502200
6.112780,46.505000
6.114440,46.508900
6.116400,46.512800
6.118060,46.516900
6.120270,46.520300
6.122220,46.524200
6.124440,46.527500
6.127210,46.530600
6.129440,46.533900
6.132490,46.536700
6.135270,46.539700
6.138610,46.541900
6.141940,46.544400
6.145280,46.546400
6.149720,46.547800
6.153610,46.549700
6.156940,46.552200
6.159720,46.555000
6.162220,46.558300
6.159440,46.561100
6.156120,46.563300
6.151950,46.565300
6.148610,46.568100
6.145280,46.570600
6.141940,46.572800
6.139160,46.575600
6.135840,46.578100
6.132490,46.580300
6.129720,46.583100
6.127210,46.585800
6.127780,46.590000
6.130010,46.593300
6.133330,46.595800
6.137220,46.597500
6.140550,46.600000
6.144440,46.601700
6.148330,46.603600
6.152220,46.605300
6.156120,46.607200
6.159440,46.609400
6.163060,46.611700
6.166950,46.613600
6.170840,46.615500
6.174170,46.617800
6.177490,46.619700
6.180830,46.622500
6.184160,46.624700
6.186940,46.627800
6.190550,46.630000
6.193900,46.632500
6.197220,46.634700
6.201110,46.636400
6.204440,46.638900
6.207780,46.641100
6.211110,46.643600
6.214450,46.645800
6.217780,46.648300
6.221390,46.650600
6.225280,46.652500
6.228610,46.654700
6.232500,46.656400
6.235830,46.658900
6.239720,46.660600
6.243060,46.663100
6.246390,46.665300
6.250280,46.667200
6.253600,46.669400
6.257220,46.671900
6.260000,46.674700
6.262780,46.677500
6.266120,46.680000
6.269170,46.682800
6.272500,46.685300
6.275840,46.687500
6.279160,46.689700
6.283050,46.691700
6.286950,46.693000
6.290840,46.695300
6.294730,46.696900
6.299170,46.698300
6.303610,46.699700
6.308050,46.700800
6.312500,46.702200
6.316950,46.703300
6.321390,46.704700
6.324440,46.705300
6.323890,46.705300
6.328050,46.706700
6.332490,46.708300
6.337500,46.709200
6.342500,46.710000
6.346670,46.711400
6.350560,46.713100
6.355000,46.714400
6.358890,46.716400
6.362490,46.718300
6.366670,46.720300
6.369160,46.723600
6.369730,46.727500
6.372500,46.730600
6.377220,46.731100
6.381670,46.732500
6.386110,46.733900
6.389440,46.736400
6.391100,46.740600
6.391390,46.744400
6.394720,46.746900
6.398890,46.748300
6.403890,46.749200
6.408900,46.750000
6.413890,46.750800
6.418620,46.751700
6.423060,46.753100
6.427500,46.754200
6.431390,46.756100
6.435000,46.758100
6.437220,46.761400
6.439440,46.765000
6.442220,46.767800
6.446110,46.769700
6.449440,46.771900
6.452780,46.774400
6.454990,46.778100
6.457500,46.780800
6.458610,46.785300
6.456670,46.788300
6.453330,46.790600
6.449730,46.793100
6.445560,46.794700
6.441950,46.796900
6.437780,46.798900
6.435000,46.801700
6.433890,46.805000
6.434160,46.809200
6.436390,46.812500
6.439170,46.815800
6.441380,46.819400
6.442500,46.823600
6.441950,46.827500
6.443060,46.832200
6.445270,46.835600
6.446940,46.839400
6.449730,46.842500
6.452510,46.845300
6.455830,46.847800
6.458610,46.850600
6.461390,46.853600
6.462500,46.858100
6.464160,46.862200
6.464440,46.865800
6.465550,46.870800
6.465830,46.874700
6.465550,46.878600
6.465000,46.881900
6.463890,46.885800
6.462500,46.889200
6.461390,46.892500
6.460270,46.895800
6.458340,46.898900
6.456110,46.901900
6.454170,46.905000
6.452220,46.907800
6.449440,46.910600
6.447500,46.913600
6.444720,46.916100
6.442220,46.918900
6.439440,46.921400
6.436670,46.924200
6.434730,46.926900
6.435550,46.930600
6.438900,46.933100
6.442770,46.935000
6.446110,46.937200
6.449160,46.939700
6.451940,46.942500
6.455280,46.945000
6.458610,46.947500
6.461390,46.950300
6.464730,46.952800
6.468060,46.955300
6.471380,46.957500
6.475270,46.959400
6.478340,46.961900
6.482220,46.963600
6.485560,46.966100
6.488880,46.968600
6.493340,46.969700
6.498330,46.970300
6.502490,46.968900
6.508610,46.968600
6.513600,46.969500
6.518610,46.970300
6.523340,46.971100
6.528330,46.971700
6.532780,46.973100
6.537770,46.973900
6.542230,46.975300
6.547220,46.976100
6.552220,46.976900
6.556940,46.977800
6.561390,46.979200
6.566380,46.980000
6.570840,46.981100
6.575280,46.982500
6.579170,46.984500
6.583610,46.985800
6.587230,46.987800
6.591670,46.988900
6.596110,46.990300
6.601110,46.991100
6.606100,46.991900
6.611110,46.992800
6.615840,46.993300
6.620830,46.994400
6.625280,46.995800
6.629720,46.997200
6.633050,46.999500
6.633800,47.000000
6.636390,47.001900
6.639720,47.004200
6.642500,47.006900
6.645840,47.009700
6.648620,47.012500
6.651390,47.015500
6.654170,47.018300
6.656950,47.021400
6.660270,47.023300
6.663610,47.026100
6.666940,47.028300
6.669990,47.030800
6.674450,47.032200
6.678340,47.034200
6.683330,47.034700
6.688330,47.035600
6.693340,47.036400
6.698330,47.036900
6.702780,47.038600
6.706110,47.041100
6.709160,47.043300
6.711940,47.046400
6.713330,47.050600
6.712780,47.054400
6.710000,47.057200
6.707230,47.059700
6.703060,47.061400
6.699440,47.063900
6.696670,47.066700
6.694440,47.068100
6.693340,47.069400
6.698330,47.070300
6.702220,47.071900
6.704450,47.075600
6.703330,47.078900
6.702780,47.082500
6.705000,47.085800
6.708340,47.088300
6.712210,47.090000
6.716110,47.092200
6.721110,47.093000
6.725550,47.094400
6.731110,47.094700
6.736660,47.095000
6.741660,47.095300
6.745280,47.097500
6.747490,47.100800
6.748060,47.105000
6.746940,47.108600
6.744720,47.111400
6.745280,47.115600
6.748610,47.118100
6.753060,47.119400
6.758050,47.120300
6.762780,47.120800
6.767220,47.122200
6.771660,47.123600
6.776100,47.125000
6.780560,47.126400
6.785000,47.127800
6.788890,47.129400
6.793330,47.130600
6.797220,47.132800
6.801110,47.134400
6.805000,47.136400
6.808900,47.138300
6.812770,47.140000
6.816110,47.142500
6.819440,47.145000
6.822780,47.147200
6.825560,47.150300
6.828890,47.152500
6.832230,47.155000
6.836120,47.156900
6.840560,47.158100
6.845000,47.159400
6.848890,47.161400
6.849730,47.165000
6.844720,47.166400
6.838900,47.167800
6.837510,47.171100
6.839720,47.173600
6.843060,47.175800
6.847500,47.177800
6.851390,47.179700
6.855280,47.181400
6.859170,47.183300
6.862500,47.185800
6.865830,47.188100
6.868600,47.191100
6.870830,47.194400
6.874170,47.196900
6.877500,47.199200
6.881390,47.201100
6.885560,47.203300
6.888610,47.205000
6.891390,47.207800
6.894730,47.210300
6.898050,47.212500
6.901400,47.215000
6.905270,47.216700
6.909160,47.218600
6.913600,47.220000
6.918060,47.221400
6.922500,47.222800
6.925830,47.225000
6.928620,47.228100
6.933610,47.228600
6.938050,47.230000
6.941390,47.232500
6.943620,47.235800
6.945280,47.239700
6.948610,47.242200
6.952500,47.244200
6.955280,47.246900
6.953890,47.249400
6.951110,47.252200
6.950840,47.255600
6.951950,47.260300
6.952220,47.264400
6.953610,47.268900
6.952220,47.272500
6.951110,47.275800
6.949170,47.278900
6.947220,47.281900
6.946110,47.285300
6.945560,47.288900
6.948330,47.292000
6.953340,47.292800
6.959440,47.292500
6.965560,47.292200
6.971660,47.292000
6.975010,47.294200
6.978330,47.296400
6.982220,47.298600
6.985840,47.299200
6.990830,47.300300
6.995830,47.301100
7.000000,47.301800
7.000840,47.301900
7.005830,47.302800
7.010280,47.303900
7.010830,47.305300
7.012770,47.307800
7.015000,47.311400
7.014720,47.315000
7.012770,47.318100
7.011380,47.321400
7.014720,47.323600
7.018890,47.325800
7.023610,47.326400
7.027220,47.326400
7.033330,47.326400
7.038330,47.326900
7.042770,47.328300
7.046660,47.330300
7.050000,47.332500
7.053330,47.335000
7.055560,47.338300
7.058340,47.341400
7.059170,47.342200
7.061660,47.345300
7.059450,47.347800
7.055830,47.350000
7.050830,47.351700
7.049730,47.355000
7.050830,47.359400
7.050280,47.363100
7.044450,47.364400
7.039440,47.363600
7.032780,47.364400
7.030270,47.366900
7.028340,47.369700
7.023060,47.371700
7.016940,47.371700
7.011950,47.371100
7.008610,47.368300
7.004720,47.366700
7.000840,47.365000
7.000000,47.364900
6.995830,47.364200
6.990830,47.363100
6.985840,47.362500
6.980830,47.361700
6.975280,47.361400
6.969730,47.361100
6.964170,47.360800
6.958620,47.360300
6.952500,47.360800
6.946400,47.361100
6.941390,47.360300
6.936390,47.359400
6.931400,47.358900
6.925550,47.358900
6.918880,47.359700
6.912210,47.360300
6.906660,47.360300
6.901110,47.360000
6.896120,47.358900
6.891110,47.358300
6.886110,47.357500
6.881120,47.356900
6.880000,47.360300
6.881120,47.364400
6.882780,47.368300
6.884440,47.372500
6.886670,47.376100
6.889450,47.379200
6.893340,47.380600
6.898330,47.381700
6.902780,47.383100
6.906660,47.385000
6.909440,47.387800
6.911390,47.391700
6.913050,47.395800
6.915280,47.399200
6.918060,47.402200
6.921950,47.403900
6.928050,47.403600
6.933610,47.403900
6.938050,47.405300
6.941390,47.407800
6.942500,47.412200
6.942230,47.415800
6.941120,47.419200
6.939730,47.422800
6.940280,47.426900
6.940550,47.430800
6.943890,47.433300
6.940550,47.431400
6.943620,47.434400
6.948610,47.435000
6.954730,47.434700
6.960560,47.433600
6.964720,47.434200
6.969160,47.435800
6.972500,47.438300
6.975560,47.441100
6.978330,47.444200
6.982220,47.445800
6.987780,47.446100
6.993900,47.445800
6.998340,47.447200
7.000000,47.447700
7.002780,47.448600
7.005550,47.451400
7.007780,47.455000
7.008060,47.459200
7.006940,47.462500
7.005830,47.465800
7.003050,47.468600
7.000270,47.471100
7.000000,47.471300
6.996950,47.473300
6.994170,47.476100
6.992780,47.479400
6.992490,47.483300
6.992220,47.486900
6.990830,47.490300
6.989720,47.493300
6.990550,47.497200
6.995280,47.498600
7.000000,47.498600
7.005550,47.498900
7.009990,47.500300
7.013890,47.501900
7.017780,47.503900
7.021120,47.506100
7.024990,47.508000
7.029720,47.507000
7.033050,47.504700
7.037510,47.502800
7.041670,47.501100
7.046940,47.499400
7.052780,47.498300
7.059450,47.497500
7.064440,47.496100
7.068890,47.494200
7.074720,47.492800
7.078610,47.492500
7.084170,47.492800
7.089170,47.493300
7.093610,47.494700
7.098050,47.496100
7.102490,47.497500
7.107500,47.498300
7.111940,47.499400
7.116670,47.500800
7.120560,47.502800
7.125550,47.503600
7.131670,47.503300
7.136950,47.502500
7.141940,47.501100
7.146400,47.499200
7.150560,47.497200
7.155000,47.495300
7.160010,47.493900
7.165840,47.492800
7.171390,47.492800
7.176390,47.493300
7.180830,47.494700
7.185840,47.495800
7.191390,47.496100
7.198060,47.495300
7.198610,47.492500
7.196380,47.488900
7.193610,47.486100
7.190280,47.483600
7.187500,47.480800
7.184730,47.477800
7.182220,47.474400
7.181110,47.470000
7.181670,47.466100
7.181110,47.462000
7.180830,47.458100
7.179450,47.453300
7.177780,47.449400
7.178330,47.445800
7.182500,47.443900
7.187500,47.442200
7.194170,47.441400
7.200000,47.440300
7.205830,47.439200
7.211950,47.438100
7.216940,47.438600
7.221940,47.439400
7.228060,47.439200
7.233050,47.437800
7.236670,47.435600
7.238610,47.432500
7.239720,47.428900
7.239990,47.425300
7.241110,47.421900
7.246940,47.420800
7.251390,47.421900
7.255280,47.423900
7.259450,47.425800
7.263890,47.426900
7.267780,47.428900
7.271670,47.430800
7.275560,47.432500
7.280550,47.433300
7.286670,47.433100
7.292770,47.432800
7.297220,47.434200
7.300560,47.436400
7.304450,47.438300
7.308340,47.440300
7.315010,47.439400
7.320840,47.438100
7.326940,47.437800
7.331940,47.438600
7.336950,47.439400
7.343620,47.438600
7.348060,47.436700
7.352220,47.434700
7.358050,47.433600
7.364170,47.433300
7.369730,47.433600
7.375830,47.433300
7.382500,47.432500
7.388330,47.434200
7.391390,47.437500
7.395560,47.439700
7.395830,47.440300
7.401390,47.441100
7.406670,47.441900
7.411380,47.443100
7.415550,47.445300
7.418050,47.448100
7.420830,47.450600
7.423610,47.453300
7.426380,47.456100
7.429720,47.458300
7.433050,47.460600
7.437780,47.462000
7.443340,47.462800
7.447230,47.464700
7.450000,47.467500
7.452780,47.470000
7.454170,47.473900
7.452220,47.477000
7.449440,47.479700
7.444720,47.481100
7.439990,47.482500
7.435280,47.483900
7.431390,47.485800
7.429160,47.488900
7.429450,47.493300
7.431940,47.496100
7.436120,47.498100
7.440280,47.499700
7.446110,47.499400
7.450830,47.498100
7.454990,47.496100
7.458340,47.493900
7.461660,47.491700
7.465830,47.489700
7.469720,47.487800
7.475270,47.486900
7.480550,47.487800
7.484720,47.489700
7.488610,47.491400
7.492770,47.493300
7.496940,47.494700
7.499440,47.497800
7.502220,47.500600
7.503610,47.504200
7.502220,47.507800
7.499720,47.510600
7.496940,47.513300
7.494440,47.516100
7.492230,47.519200
7.492230,47.522800
7.497220,47.524200
7.503060,47.523900
7.508610,47.522800
7.513890,47.522000
7.518610,47.523300
7.521390,47.525800
7.523610,47.529200
7.524160,47.533300
7.524160,47.536900
7.522220,47.540000
7.518060,47.541900
7.512210,47.542500
7.506660,47.541700
7.500560,47.541900
7.497220,47.544400
7.498600,47.547800
7.501400,47.550600
7.505560,47.552500
7.509440,47.554400
7.513050,47.556700
7.517780,47.558100
7.521660,47.559700
7.526390,47.561100
7.531940,47.561900
7.536660,47.563300
7.541940,47.564200
7.546670,47.565600
7.550270,47.567800
7.550840,47.571900
7.550840,47.576400
7.553610,47.579200
7.557230,47.581400
7.561940,47.582800
7.567220,47.583600
7.579450,47.584500
7.586940,47.585000
7.588330,47.585000
7.588890,47.585000
7.593610,47.585300
7.599160,47.586400
7.604440,47.587200
7.608610,47.588600
7.612500,47.590800
7.616110,47.593100
7.620000,47.594700
7.623610,47.597200
7.627500,47.598900
7.631660,47.600800
7.635830,47.602200
7.640560,47.603600
7.644450,47.601900
7.649160,47.600500
7.653890,47.601900
7.658060,47.603600
7.662780,47.605000
7.668330,47.606100
7.674450,47.606100
7.676950,47.603600
7.675000,47.600500
7.671670,47.598100
7.666670,47.596700
7.666670,47.593300
7.668600,47.590000
7.671380,47.587200
7.672790,47.583600
7.671950,47.579400
7.669990,47.576400
7.666670,47.574200
7.661660,47.572800
7.656380,47.571900
7.650280,47.571400
7.643610,47.571400
7.637510,47.571900
7.630550,47.571900
7.625830,47.570600
7.621120,47.569200
7.618330,47.566700
7.617230,47.565300
7.616940,47.561100
7.618330,47.561100
7.621120,47.561100
7.627220,47.560600
7.631940,47.559200
7.635830,47.557200
7.638610,47.554700
7.639990,47.552800
7.644720,47.551900
7.650830,47.551400
7.656110,47.550600
7.660270,47.548600
7.662780,47.545800
7.666940,47.543600
7.671670,47.542500
7.678340,47.542500
7.684440,47.543100
7.691110,47.543100
7.697220,47.543300
7.701400,47.545000
7.706110,47.546400
7.711390,47.547500
7.717490,47.547800
7.723610,47.548300
7.729720,47.548600
7.735840,47.549200
7.741390,47.550000
7.747220,47.550300
7.753340,47.550600
7.758890,47.551700
7.764170,47.552500
7.769730,47.553300
7.774440,47.554700
7.779170,47.555800
7.783890,47.557200
7.788050,47.559200
7.791390,47.561400
7.794170,47.564200
7.796110,47.567500
7.798890,47.570000
7.801660,47.572800
7.803890,47.576100
7.806670,47.578900
7.809170,47.581400
7.811950,47.584200
7.814720,47.586900
7.819440,47.588300
7.824990,47.587200
7.831110,47.586700
7.836390,47.585800
7.842500,47.586400
7.848620,47.586700
7.853330,47.588100
7.858610,47.588600
7.864730,47.589400
7.870280,47.590000
7.876950,47.590000
7.883050,47.589700
7.887790,47.588300
7.892500,47.586900
7.896670,47.585000
7.900010,47.582800
7.902490,47.580000
7.905270,47.577200
7.907230,47.573600
7.907770,47.569500
7.906950,47.565800
7.905560,47.562200
7.906390,47.558100
7.909730,47.555800
7.913600,47.553900
7.918880,47.552800
7.925000,47.552500
7.931940,47.552200
7.938050,47.552800
7.943330,47.553600
7.948060,47.555000
7.952770,47.556400
7.958330,47.557200
7.964450,47.557200
7.970550,47.558100
7.976670,47.558300
7.983340,47.558300
7.989440,47.557800
7.995560,47.557200
8.000000,47.557000
8.001660,47.556900
8.007510,47.556400
8.013610,47.555800
8.020550,47.555800
8.027220,47.555800
8.033330,47.555800
8.038610,47.556900
8.044160,47.557800
8.048340,47.559700
8.053060,47.560800
8.057770,47.562200
8.063050,47.562800
8.069170,47.562800
8.074720,47.561400
8.080000,47.560800
8.086670,47.560600
8.092230,47.561400
8.096390,47.563300
8.099720,47.565600
8.102490,47.568100
8.103880,47.571900
8.105840,47.575000
8.108050,47.578300
8.110830,47.581100
8.115010,47.582800
8.118880,47.584500
8.124440,47.585500
8.129720,47.586400
8.133880,47.588100
8.136660,47.590800
8.139440,47.593600
8.142780,47.595800
8.146940,47.597500
8.153060,47.598100
8.159170,47.598100
8.164720,47.599200
8.168060,47.601400
8.170840,47.604200
8.173620,47.606900
8.176940,47.608900
8.179170,47.612200
8.181950,47.615000
8.185280,47.617200
8.189440,47.619200
8.193330,47.620800
8.198890,47.621700
8.205550,47.621700
8.211110,47.620600
8.215000,47.618900
8.218330,47.616400
8.221670,47.614200
8.228610,47.614200
8.232500,47.615800
8.236120,47.618100
8.240830,47.619400
8.246110,47.618300
8.251670,47.617200
8.255560,47.615500
8.260270,47.614200
8.265000,47.612800
8.270280,47.612800
8.276390,47.613100
8.283330,47.613100
8.288060,47.611700
8.290560,47.608900
8.292500,47.605800
8.293890,47.601900
8.295830,47.598900
8.297780,47.595300
8.301110,47.593300
8.303610,47.590600
8.306950,47.588300
8.311120,47.586400
8.313600,47.583600
8.317780,47.581700
8.321110,47.579400
8.325000,47.577500
8.329720,47.576100
8.335270,47.575000
8.340550,47.574200
8.347220,47.574200
8.353340,47.574400
8.359440,47.575000
8.366110,47.574700
8.372230,47.574200
8.378330,47.574700
8.382500,47.576400
8.385840,47.578600
8.390830,47.580000
8.397500,47.580000
8.402780,47.578900
8.408330,47.578100
8.413060,47.576400
8.417780,47.575000
8.423060,47.574200
8.429160,47.573600
8.435830,47.573600
8.441380,47.574400
8.446660,47.575000
8.452220,47.576100
8.456950,47.577500
8.462230,47.578300
8.467220,47.579700
8.471950,47.580800
8.476660,47.582200
8.481940,47.583100
8.488060,47.583100
8.492230,47.584500
8.492770,47.583900
8.491110,47.586900
8.486950,47.588600
8.480830,47.588600
8.474720,47.588100
8.468060,47.588300
8.463890,47.590000
8.460560,47.592500
8.460000,47.596700
8.462230,47.599500
8.465000,47.602200
8.469170,47.604200
8.472500,47.606100
8.475270,47.608900
8.477500,47.612200
8.482220,47.614200
8.487790,47.615000
8.492500,47.616400
8.497220,47.617200
8.500560,47.619700
8.503330,47.622500
8.506110,47.625300
8.508340,47.628100
8.511120,47.631100
8.515280,47.632800
8.520000,47.634200
8.526120,47.633600
8.531400,47.632800
8.535560,47.630500
8.539440,47.628900
8.544170,47.627500
8.548880,47.626100
8.553610,47.624700
8.558330,47.623300
8.562220,47.621100
8.564170,47.618100
8.565560,47.614500
8.566110,47.610300
8.565840,47.605800
8.566380,47.601700
8.570550,47.599500
8.575830,47.599500
8.580000,47.601400
8.583340,47.603600
8.586940,47.606100
8.590280,47.608300
8.593610,47.610300
8.597220,47.612800
8.600550,47.615000
8.602780,47.618100
8.603620,47.622200
8.602230,47.625800
8.600270,47.629200
8.598340,47.631900
8.596380,47.635600
8.595280,47.639200
8.596110,47.643300
8.598060,47.646400
8.600840,47.649400
8.605830,47.650800
8.611110,47.650800
8.613610,47.648100
8.612220,47.644400
8.613610,47.640800
8.618890,47.639700
8.623610,47.641100
8.627770,47.642800
8.630550,47.645600
8.631940,47.649200
8.630000,47.652500
8.628060,47.655600
8.624720,47.658100
8.621670,47.660300
8.616940,47.661700
8.612770,47.663600
8.608900,47.665600
8.603330,47.666400
8.599450,47.668300
8.594720,47.669700
8.589440,47.670800
8.583890,47.670800
8.580560,47.668600
8.578330,47.665300
8.575010,47.663100
8.569450,47.662200
8.565560,47.664200
8.561390,47.666100
8.556660,47.667500
8.551380,47.668300
8.545830,47.667500
8.541120,47.666400
8.536950,47.664400
8.533610,47.662200
8.530830,47.659400
8.528050,47.656900
8.525830,47.653600
8.522500,47.651400
8.518330,47.649700
8.512210,47.649400
8.506110,47.648900
8.499990,47.648600
8.495280,47.647200
8.488610,47.647200
8.484440,47.649200
8.479160,47.649200
8.475560,47.646900
8.473610,47.643900
8.470280,47.645300
8.468890,47.648900
8.467510,47.652500
8.466390,47.656100
8.461110,47.657200
8.454990,47.657800
8.448890,47.658300
8.443340,47.659200
8.439990,47.661700
8.436670,47.663900
8.434160,47.666700
8.429450,47.668100
8.424720,47.669400
8.418620,47.670000
8.413340,47.671100
8.408610,47.672500
8.409990,47.676100
8.413340,47.678300
8.416110,47.681100
8.418330,47.684200
8.417780,47.688300
8.415840,47.691400
8.413060,47.694200
8.410560,47.696900
8.407220,47.699700
8.406670,47.703900
8.409450,47.706700
8.412770,47.708900
8.416390,47.711100
8.420280,47.712800
8.424440,47.714700
8.429160,47.715800
8.434160,47.717200
8.438060,47.718900
8.443060,47.720300
8.447780,47.721700
8.451120,47.723900
8.453890,47.726700
8.455280,47.730300
8.454170,47.733900
8.452220,47.737200
8.450830,47.740800
8.452510,47.744400
8.455280,47.747200
8.458610,47.749400
8.461950,47.751700
8.465550,47.754200
8.467510,47.757500
8.469720,47.760600
8.471950,47.763900
8.473330,47.767500
8.476110,47.770000
8.479440,47.772500
8.484990,47.773300
8.491110,47.773300
8.497220,47.773900
8.503880,47.773900
8.509440,47.774700
8.514170,47.776100
8.518880,47.777500
8.523050,47.779200
8.528050,47.780600
8.533330,47.781400
8.539440,47.781400
8.545560,47.781100
8.551660,47.780600
8.557780,47.780000
8.562490,47.781400
8.566670,47.782800
8.568890,47.786400
8.566950,47.789400
8.563610,47.791900
8.560280,47.794200
8.556940,47.796400
8.555550,47.800300
8.556390,47.804200
8.559720,47.806400
8.566110,47.806900
8.571940,47.806400
8.577490,47.805300
8.582770,47.804400
8.588890,47.803900
8.595830,47.803900
8.601940,47.804200
8.608610,47.804200
8.614720,47.803600
8.618890,47.801700
8.622220,47.799200
8.624720,47.796400
8.624720,47.793100
8.621120,47.790800
8.617780,47.788300
8.617500,47.784700
8.619440,47.781400
8.622220,47.778900
8.624720,47.776100
8.626670,47.772800
8.628060,47.769200
8.630000,47.765800
8.634730,47.764400
8.639990,47.765300
8.643610,47.767500
8.646940,47.769700
8.649160,47.773100
8.651390,47.776100
8.652220,47.780300
8.650830,47.783900
8.650280,47.788100
8.650550,47.792500
8.651940,47.796100
8.655280,47.798300
8.661390,47.797800
8.664730,47.795600
8.668890,47.793600
8.672790,47.791900
8.677500,47.790300
8.681390,47.788600
8.685560,47.786700
8.688060,47.783900
8.688610,47.779700
8.688060,47.775600
8.687220,47.771700
8.689720,47.768900
8.694440,47.767500
8.699170,47.765800
8.704720,47.765800
8.710000,47.766700
8.716110,47.767200
8.722220,47.766700
8.726940,47.765000
8.730830,47.763300
8.735000,47.761400
8.736950,47.758100
8.736950,47.754400
8.733880,47.751700
8.731110,47.749200
8.727780,47.746900
8.724160,47.744700
8.722220,47.741400
8.720000,47.738300
8.719170,47.733900
8.717780,47.730600
8.715560,47.727500
8.715560,47.723900
8.720270,47.722200
8.725550,47.721400
8.729720,47.719400
8.733610,47.717500
8.735000,47.713900
8.734170,47.709700
8.731400,47.707200
8.729170,47.703900
8.726390,47.701400
8.725000,47.697800
8.727780,47.698600
8.733060,47.697500
8.738340,47.696700
8.744440,47.696100
8.750000,47.695000
8.755280,47.694200
8.760010,47.692500
8.765270,47.691700
8.770000,47.690300
8.774720,47.688900
8.779450,47.687200
8.782770,47.685000
8.786660,47.683100
8.792220,47.682200
8.797500,47.683100
8.801110,47.685300
8.802500,47.688900
8.804720,47.692000
8.806940,47.695000
8.806390,47.699200
8.803620,47.701900
8.799730,47.703900
8.795560,47.705800
8.789440,47.706400
8.783610,47.706700
8.778880,47.708300
8.774720,47.710300
8.772780,47.713300
8.772230,47.717500
8.775010,47.720300
8.777780,47.722800
8.781950,47.724700
8.786660,47.726100
8.792220,47.726900
8.796380,47.728600
8.798610,47.731700
8.800000,47.735300
8.804170,47.737200
8.808900,47.735800
8.812220,47.733300
8.812770,47.729200
8.813890,47.725600
8.817230,47.723300
8.819170,47.720000
8.821120,47.716900
8.825830,47.716400
8.830000,47.718100
8.835280,47.718100
8.839440,47.716100
8.842770,47.713900
8.845270,47.711100
8.849160,47.709200
8.855280,47.708600
8.861390,47.708000
8.866120,47.706700
8.870280,47.704700
8.872220,47.701400
8.873330,47.697800
8.870560,47.695000
8.865000,47.696100
8.860560,47.697500
8.855830,47.698900
8.850830,47.697800
8.849440,47.694200
8.849440,47.690300
8.851390,47.687200
8.854720,47.685000
8.857770,47.682500
8.860560,47.679700
8.863890,47.677500
8.866390,47.674700
8.869720,47.672200
8.871670,47.669200
8.873610,47.665800
8.875560,47.662800
8.876660,47.658900
8.878610,47.655800
8.883330,47.654400
8.888060,47.652800
8.892770,47.651400
8.898050,47.650600
8.905000,47.650300
8.911670,47.650300
8.917780,47.650600
8.923340,47.651400
8.928620,47.652200
8.934170,47.653100
8.938890,47.654400
8.943050,47.656100
8.947780,47.657500
8.951950,47.659200
8.956120,47.661100
8.960280,47.662800
8.964450,47.664400
8.968340,47.666400
8.973330,47.667500
8.977490,47.669400
8.981380,47.671100
8.985550,47.672800
8.989170,47.675000
8.993330,47.677000
8.996670,47.679200
9.000000,47.680500
9.000840,47.680800
9.005000,47.682500
9.009720,47.683900
9.014450,47.685300
9.019170,47.686400
9.024170,47.687800
9.030270,47.688100
9.036390,47.688300
9.042500,47.688900
9.047780,47.687800
9.053060,47.686700
9.058610,47.685800
9.065280,47.685800
9.072220,47.685600
9.078340,47.685800
9.084170,47.685300
9.086950,47.685000
9.091110,47.683900
9.095830,47.682500
9.100280,47.681100
9.104450,47.679200
9.109160,47.677800
9.113050,47.675800
9.117780,47.674400
9.121660,47.672500
9.126390,47.671100
9.130560,47.670000
9.136660,47.669400
9.142500,47.668900
9.148610,47.669200
9.152770,47.668300
9.154730,47.665000
9.156660,47.662000
9.158620,47.658600
9.161670,47.656400
9.167220,47.655300
9.173330,47.655600
9.178610,47.656400
9.182770,47.658100
9.188890,47.658600
9.194450,47.659400
9.200550,47.659700
9.205830,47.660600
9.212770,47.660300
9.218890,47.660800
9.224170,47.661700
9.230270,47.662000
9.236390,47.662200
9.242500,47.662500
9.248620,47.663100
9.254720,47.663300
9.261660,47.663100
9.278340,47.656900
9.295000,47.650300
9.311670,47.643600
9.328330,47.636900
9.345010,47.630300
9.361670,47.623300
9.378060,47.616700
9.394720,47.610000
9.411380,47.603300
9.428060,47.596700
9.444720,47.590000
9.461390,47.583100
9.478050,47.576400
9.494440,47.569500
9.511120,47.562800
9.527780,47.556400
9.544440,47.549700
9.561100,47.542800
9.566950,47.540600
9.566380,47.539700
9.564450,47.528300
9.561940,47.516900
9.560010,47.505600
9.558050,47.505000
9.558620,47.503300
9.559720,47.499700
9.562220,47.496700
9.565000,47.493900
9.567500,47.491100
9.571390,47.489200
9.575280,47.487500
9.578610,47.485000
9.581950,47.482500
9.583890,47.479400
9.585840,47.476100
9.587500,47.473100
9.590280,47.470300
9.594170,47.468300
9.599450,47.468300
9.605550,47.468600
9.611670,47.468900
9.616390,47.467500
9.621120,47.465800
9.625560,47.464400
9.631110,47.463300
9.636390,47.462500
9.641670,47.461400
9.646940,47.460300
9.651120,47.458300
9.653600,47.455300
9.654720,47.451900
9.654720,47.448300
9.653060,47.444700
9.651670,47.441100
9.650000,47.437500
9.649160,47.433300
9.648890,47.428900
9.649440,47.424700
9.650000,47.421400
9.651120,47.417800
9.653060,47.412800
9.662780,47.405800
9.667510,47.403900
9.670560,47.401400
9.673330,47.398600
9.673060,47.395000
9.669990,47.387800
9.665000,47.381400
9.658060,47.376700
9.650550,47.373100
9.641670,47.369700
9.631390,47.368100
9.625830,47.367200
9.614450,47.367200
9.611670,47.364400
9.608900,47.362200
9.605280,47.360000
9.603330,47.356700
9.600550,47.355000
9.600550,47.354400
9.599730,47.354200
9.598340,47.350600
9.596670,47.346700
9.595280,47.343300
9.593610,47.339700
9.592220,47.335800
9.590550,47.332500
9.589170,47.328900
9.586390,47.326100
9.584160,47.323000
9.581380,47.320300
9.577780,47.318100
9.574440,47.315800
9.570280,47.314200
9.566950,47.311900
9.564170,47.309200
9.561100,47.306400
9.557780,47.304200
9.555550,47.301100
9.552770,47.298300
9.550000,47.295800
9.547780,47.292500
9.545010,47.290000
9.542780,47.286700
9.540000,47.284200
9.537770,47.280800
9.535840,47.277800
9.533610,47.274700
9.531400,47.271400
9.530010,47.267800
9.527780,47.264700
9.525550,47.261700
9.523340,47.258300
9.521390,47.255300
9.519170,47.252200
9.516950,47.248900
9.514720,47.245800
9.511940,47.243100
9.509730,47.240000
9.506950,47.237200
9.505000,47.233900
9.502220,47.231100
9.499990,47.228300
9.497780,47.224700
9.495550,47.221700
9.493340,47.218300
9.491390,47.215300
9.489720,47.211700
9.488330,47.208100
9.487500,47.203900
9.485830,47.200300
9.484990,47.196100
9.484170,47.192200
9.484170,47.188300
9.483890,47.183900
9.484440,47.179700
9.485560,47.176100
9.486670,47.172500
9.488060,47.168900
9.489720,47.165600
9.491660,47.162200
9.494160,47.159400
9.496120,47.156400
9.498600,47.153600
9.500560,47.150300
9.502490,47.146900
9.503610,47.143300
9.505560,47.140000
9.506660,47.136400
9.507770,47.132800
9.509160,47.129200
9.510280,47.125300
9.511390,47.121700
9.511940,47.117200
9.512500,47.113600
9.512780,47.109400
9.512780,47.104700
9.512500,47.100300
9.511670,47.096100
9.510280,47.092500
9.507230,47.089700
9.503880,47.087200
9.500560,47.085600
9.496940,47.083100
9.492770,47.081400
9.488880,47.079700
9.484170,47.078300
9.479160,47.077200
9.475270,47.075600
9.471670,47.073300
9.468890,47.070600
9.468890,47.066900
9.471380,47.064200
9.473330,47.060800
9.475840,47.058100
9.485280,47.061100
9.491390,47.061400
9.496120,47.062800
9.501400,47.063600
9.506390,47.064700
9.511670,47.065600
9.516950,47.066400
9.522500,47.067200
9.527780,47.068100
9.532490,47.069200
9.538050,47.070000
9.544720,47.070000
9.549450,47.068100
9.552500,47.066100
9.555000,47.063300
9.558330,47.060800
9.562220,47.059200
9.566380,47.058100
9.573050,47.057800
9.577780,47.059200
9.583060,47.060000
9.587780,47.061100
9.592490,47.062500
9.597500,47.063900
9.604170,47.063600
9.608610,47.062200
9.612770,47.061100
9.613340,47.061100
9.617230,47.059200
9.622510,47.058300
9.627220,47.056700
9.632500,47.056700
9.637220,47.058100
9.640830,47.060000
9.645560,47.061400
9.649730,47.062800
9.654990,47.063900
9.660560,47.064700
9.666390,47.065000
9.673060,47.065000
9.679160,47.064400
9.683890,47.062800
9.687790,47.060800
9.692500,47.059400
9.698330,47.058600
9.703610,47.057800
9.708340,47.056400
9.711670,47.054200
9.715560,47.052200
9.719450,47.050300
9.724730,47.049200
9.730830,47.049200
9.737500,47.049200
9.742780,47.048300
9.747490,47.046900
9.751380,47.045000
9.755840,47.043600
9.760560,47.041900
9.765840,47.040800
9.772500,47.040800
9.778060,47.041700
9.783340,47.042500
9.788620,47.042200
9.794170,47.041400
9.798060,47.039400
9.801110,47.036900
9.805000,47.035000
9.808330,47.032800
9.812220,47.030800
9.816110,47.028900
9.820280,47.026900
9.824720,47.025600
9.829450,47.023900
9.835280,47.023300
9.841380,47.023300
9.847500,47.024200
9.852780,47.024700
9.858880,47.024200
9.865000,47.023300
9.870280,47.023300
9.875560,47.022500
9.874720,47.018300
9.873060,47.014700
9.870830,47.011700
9.871380,47.008300
9.875270,47.006700
9.882220,47.006400
9.888060,47.005600
9.891950,47.003900
9.893050,47.000300
9.892900,47.000000
9.892900,47.000000
9.891110,46.996900
9.889450,46.993300
9.887220,46.990300
9.885280,46.987200
9.883050,46.983900
9.880830,46.980800
9.879160,46.977200
9.877780,46.973600
9.875560,46.970300
9.874720,46.966400
9.873330,46.962800
9.873610,46.958600
9.876950,46.956400
9.878890,46.953100
9.878610,46.949400
9.876390,46.946100
9.876110,46.941700
9.879440,46.939200
9.883330,46.937500
9.887220,46.935600
9.892500,46.934400
9.897780,46.933300
9.903060,46.932200
9.908340,46.931400
9.913050,46.929700
9.916950,46.928100
9.920270,46.925600
9.923340,46.923000
9.926670,46.920800
9.929170,46.918100
9.931670,46.915300
9.935000,46.912800
9.940830,46.912200
9.946400,46.913100
9.951660,46.913900
9.955840,46.915600
9.960560,46.916900
9.965840,46.917500
9.971940,46.916900
9.975830,46.915000
9.979170,46.912800
9.981670,46.910000
9.984160,46.907200
9.988620,46.905600
9.993330,46.904200
10.000000,46.903900
10.006700,46.903900
10.011400,46.902200
10.016700,46.901400
10.021100,46.899700
10.024400,46.897500
10.027500,46.895000
10.030800,46.892800
10.034200,46.890300
10.038100,46.888300
10.041900,46.886700
10.045800,46.884700
10.048900,46.881900
10.051700,46.879400
10.051900,46.875300
10.052500,46.871100
10.055000,46.868300
10.058900,46.866400
10.063300,46.865000
10.069400,46.864400
10.076100,46.864200
10.082800,46.864200
10.088100,46.863100
10.092800,46.861400
10.095800,46.858900
10.098300,46.856100
10.100800,46.853600
10.104700,46.851700
10.109400,46.850300
10.116100,46.850000
10.122800,46.849400
10.128900,46.850000
10.134700,46.850600
10.140300,46.850800
10.145600,46.851900
10.151100,46.852800
10.155800,46.853600
10.160600,46.855300
10.165300,46.856100
10.170600,46.857200
10.175300,46.858600
10.179400,46.860300
10.182200,46.862800
10.185000,46.865600
10.188600,46.867800
10.192800,46.869400
10.198100,46.870300
10.203300,46.871100
10.208900,46.871900
10.213600,46.873100
10.218900,46.873900
10.223600,46.875000
10.227800,46.876700
10.231400,46.878900
10.233600,46.881900
10.235600,46.885300
10.235800,46.889700
10.234700,46.893600
10.232200,46.896400
10.229700,46.899200
10.230500,46.903300
10.232800,46.906400
10.235000,46.909400
10.237200,46.912800
10.238600,46.916400
10.239700,46.920300
10.240000,46.925000
10.240800,46.928900
10.243100,46.932200
10.246900,46.933900
10.251900,46.935000
10.258600,46.935000
10.264400,46.934400
10.269700,46.933300
10.275000,46.932200
10.279700,46.930800
10.285000,46.929700
10.290300,46.928600
10.296100,46.928100
10.303100,46.927800
10.308300,46.928600
10.313100,46.929700
10.313300,46.933600
10.310800,46.936400
10.308300,46.939200
10.305800,46.941900
10.304700,46.945600
10.307500,46.948300
10.310800,46.950600
10.315000,46.952200
10.319200,46.953900
10.323300,46.955300
10.326700,46.957800
10.329400,46.960600
10.331700,46.963600
10.333300,46.967200
10.335600,46.970300
10.337800,46.973600
10.339200,46.977200
10.341400,46.980300
10.343600,46.983300
10.345800,46.986400
10.348600,46.989200
10.350800,46.992200
10.353600,46.994700
10.357200,46.997200
10.362500,46.996900
10.368300,46.996100
10.373900,46.997200
10.378100,46.998900
10.379700,47.000000
10.381400,47.001100
10.385500,47.002800
10.391100,47.003600
10.396400,47.002500
10.400800,47.001100
10.401800,47.000000
10.403300,46.998300
10.406700,46.995800
10.409700,46.993300
10.413600,46.991700
10.417500,46.989700
10.422200,46.988100
10.426100,46.986100
10.430000,46.983900
10.432500,46.981100
10.434400,46.978100
10.433300,46.974200
10.433100,46.969500
10.434200,46.965800
10.436700,46.963100
10.440000,46.960600
10.443900,46.958600
10.448600,46.957200
10.452500,46.955300
10.456900,46.953900
10.460800,46.951900
10.464700,46.950000
10.468600,46.948100
10.472500,46.946100
10.475800,46.943600
10.480300,46.942200
10.484200,46.940300
10.487500,46.937800
10.488600,46.935000
10.487200,46.931400
10.485000,46.928300
10.482800,46.925300
10.481100,46.921700
10.478900,46.918300
10.477500,46.914700
10.476400,46.910800
10.475000,46.907200
10.474200,46.903100
10.472500,46.899400
10.470800,46.895800
10.469400,46.892200
10.467200,46.889200
10.465600,46.885600
10.466400,46.885600
10.466100,46.884400
10.468100,46.881400
10.469700,46.878000
10.470800,46.874400
10.471400,46.870300
10.471100,46.865600
10.470300,46.861700
10.468600,46.858100
10.467800,46.853600
10.466900,46.849400
10.465800,46.845800
10.464400,46.842200
10.464200,46.837200
10.462500,46.833900
10.462200,46.830300
10.461400,46.827200
10.460600,46.824700
10.459200,46.820800
10.456900,46.818100
10.454200,46.815300
10.450600,46.813300
10.447200,46.811100
10.443100,46.809400
10.438900,46.807200
10.434700,46.805800
10.431900,46.803300
10.430500,46.799700
10.430800,46.795600
10.433300,46.792800
10.435300,46.789400
10.436900,46.786100
10.439400,46.783300
10.441900,46.780600
10.443900,46.777200
10.446400,46.774400
10.448100,46.771400
10.448600,46.767200
10.447500,46.763100
10.445600,46.759700
10.443300,46.756700
10.440600,46.754200
10.436900,46.751900
10.433600,46.749700
10.430000,46.747500
10.425800,46.745800
10.421900,46.744200
10.417800,46.742500
10.414200,46.740300
10.410300,46.738600
10.408100,46.735300
10.407800,46.731700
10.411700,46.729700
10.414700,46.727500
10.416700,46.724200
10.418300,46.720800
10.418900,46.716700
10.417200,46.713100
10.414500,46.710600
10.411700,46.707800
10.408300,46.705300
10.404700,46.703300
10.400500,46.701700
10.397200,46.699400
10.393900,46.697500
10.389700,46.695600
10.386900,46.693000
10.385300,46.689400
10.385000,46.684700
10.386100,46.681100
10.387200,46.677500
10.389200,46.674200
10.390300,46.670600
10.391900,46.667200
10.393100,46.663600
10.395000,46.660300
10.396100,46.656700
10.397800,46.653300
10.399700,46.650000
10.402800,46.647200
10.405300,46.644400
10.409200,46.642500
10.413900,46.641900
10.420600,46.641700
10.425800,46.642500
10.431100,46.643300
10.435800,46.644400
10.442500,46.644400
10.448600,46.643900
10.453900,46.642800
10.458300,46.641100
10.463100,46.639700
10.466900,46.637800
10.470800,46.635800
10.473900,46.633300
10.476400,46.630500
10.478900,46.627800
10.481400,46.625000
10.483900,46.622200
10.486400,46.619400
10.486700,46.615300
10.485800,46.611100
10.485000,46.606900
10.484700,46.602200
10.485800,46.598900
10.486100,46.594700
10.485300,46.590600
10.482500,46.588100
10.479700,46.585300
10.477000,46.582500
10.475300,46.578900
10.475800,46.575000
10.476100,46.570800
10.476700,46.566700
10.475600,46.562500
10.474200,46.558600
10.472500,46.555300
10.471100,46.551700
10.468300,46.549200
10.465300,46.546400
10.461400,46.544700
10.456700,46.543300
10.453900,46.540800
10.449700,46.539200
10.445000,46.539700
10.441100,46.541700
10.438100,46.543600
10.434700,46.546400
10.431700,46.548600
10.429200,46.551400
10.425300,46.553300
10.419400,46.554200
10.413900,46.553300
10.409700,46.551700
10.405800,46.550000
10.401100,46.548600
10.395000,46.548300
10.389700,46.549200
10.385800,46.551400
10.381400,46.552800
10.376700,46.554400
10.371700,46.555300
10.366900,46.556900
10.361700,46.558100
10.356400,46.558100
10.352200,46.556400
10.350000,46.553300
10.346700,46.551100
10.342500,46.549200
10.337200,46.549200
10.333300,46.551400
10.329400,46.553300
10.324200,46.554400
10.317800,46.554400
10.311700,46.554200
10.305600,46.553900
10.301700,46.555800
10.300000,46.559200
10.298100,46.562500
10.296900,46.566100
10.295300,46.569500
10.293300,46.572200
10.290800,46.575000
10.288300,46.578300
10.285300,46.580300
10.280600,46.581700
10.274700,46.582800
10.268100,46.582800
10.262800,46.581700
10.257200,46.581400
10.251900,46.582200
10.247500,46.583900
10.245600,46.587200
10.245300,46.591100
10.246100,46.595300
10.246900,46.599500
10.248600,46.603100
10.250000,46.606700
10.251700,46.610300
10.253100,46.613900
10.254200,46.618100
10.253600,46.622200
10.251100,46.625000
10.247200,46.626700
10.243300,46.628600
10.242200,46.632500
10.241700,46.636700
10.238600,46.638900
10.233300,46.640000
10.228600,46.638600
10.224400,46.636900
10.221100,46.634700
10.216900,46.633100
10.213600,46.630500
10.210800,46.628100
10.206700,46.626400
10.202500,46.624700
10.196400,46.624400
10.191900,46.626100
10.188100,46.627800
10.185000,46.630300
10.181100,46.631900
10.176400,46.630500
10.172200,46.629200
10.168100,46.627500
10.163900,46.625800
10.159200,46.624400
10.154400,46.623300
10.150600,46.621700
10.145800,46.620300
10.141700,46.618300
10.136900,46.617200
10.132800,46.615500
10.128600,46.613900
10.124700,46.612200
10.119200,46.611400
10.114200,46.612500
10.108900,46.613600
10.105300,46.611400
10.104400,46.607200
10.104200,46.602200
10.103300,46.598600
10.101700,46.595000
10.100300,46.591400
10.098100,46.588100
10.095300,46.585500
10.091100,46.583900
10.087800,46.581700
10.085600,46.578300
10.086700,46.574700
10.088600,46.571400
10.089200,46.568100
10.086900,46.565000
10.083600,46.562800
10.078900,46.561400
10.074700,46.560000
10.071100,46.557800
10.068300,46.555000
10.066900,46.551400
10.064200,46.548900
10.060000,46.546900
10.055800,46.545000
10.052500,46.543100
10.050300,46.540000
10.050000,46.535300
10.051400,46.531400
10.053900,46.528900
10.055600,46.525800
10.056700,46.522000
10.054400,46.518900
10.051700,46.516100
10.048900,46.513600
10.046100,46.510800
10.044700,46.507000
10.044400,46.502800
10.044200,46.498100
10.044700,46.493900
10.045000,46.489700
10.045600,46.485800
10.047200,46.482500
10.050000,46.479700
10.053600,46.477800
10.057500,46.475800
10.061400,46.473900
10.059400,46.470800
10.056700,46.468100
10.053900,46.465300
10.050300,46.463300
10.047500,46.460600
10.045300,46.457500
10.044400,46.453300
10.045000,46.449200
10.046700,46.445800
10.049200,46.443100
10.052500,46.440800
10.055600,46.438300
10.059400,46.436400
10.064200,46.435000
10.067200,46.432500
10.071100,46.430800
10.075800,46.429200
10.080300,46.427800
10.085000,46.426100
10.088600,46.424200
10.092800,46.423300
10.097500,46.424400
10.101400,46.426400
10.106100,46.427500
10.111400,46.428300
10.116900,46.429200
10.122200,46.430000
10.127500,46.430500
10.132800,46.431400
10.139400,46.431100
10.141400,46.428100
10.142500,46.424400
10.145000,46.421400
10.148100,46.419200
10.152800,46.417800
10.158100,46.416700
10.162500,46.415000
10.163100,46.411900
10.162200,46.407800
10.160600,46.404200
10.159200,46.400500
10.156900,46.397500
10.155300,46.393900
10.153900,46.390300
10.150600,46.388100
10.145800,46.386700
10.140300,46.385800
10.136400,46.384200
10.132200,46.381900
10.128900,46.380000
10.126700,46.376700
10.127200,46.372500
10.126900,46.368900
10.124700,46.365800
10.121400,46.363600
10.117800,46.361400
10.115000,46.358600
10.112200,46.356100
10.110300,46.353100
10.108000,46.349400
10.106400,46.346100
10.107000,46.341900
10.106700,46.337200
10.107800,46.333900
10.108900,46.330000
10.110000,46.326400
10.112500,46.323600
10.115000,46.320800
10.118300,46.318100
10.122200,46.316400
10.126700,46.315000
10.130600,46.312800
10.134400,46.311100
10.138300,46.309200
10.140800,46.306400
10.143900,46.304200
10.147200,46.301700
10.149700,46.298900
10.152200,46.296100
10.155300,46.293600
10.158600,46.291400
10.161700,46.288900
10.164200,46.286100
10.167200,46.283900
10.169700,46.281100
10.172200,46.278000
10.174700,46.275300
10.177200,46.272500
10.176400,46.268300
10.175000,46.264700
10.173300,46.261100
10.172500,46.256900
10.169700,46.254400
10.166400,46.252200
10.162800,46.250000
10.159400,46.247800
10.155300,46.246100
10.152500,46.243300
10.149200,46.241400
10.146400,46.238600
10.143600,46.235800
10.140800,46.233300
10.137500,46.231100
10.133900,46.228900
10.130000,46.227200
10.124400,46.226400
10.118100,46.226700
10.111900,46.227200
10.106100,46.227800
10.099400,46.228100
10.093600,46.228600
10.088900,46.227200
10.085600,46.225000
10.082200,46.222800
10.078600,46.220300
10.072800,46.220300
10.066700,46.221100
10.063100,46.222800
10.060600,46.225600
10.057200,46.228100
10.055600,46.231100
10.053600,46.234400
10.053900,46.239200
10.055300,46.242800
10.057500,46.245800
10.059200,46.249400
10.060000,46.253600
10.058900,46.256900
10.056900,46.260600
10.054400,46.263300
10.051400,46.265800
10.048900,46.268600
10.045000,46.270600
10.041100,46.271900
10.036400,46.273900
10.032500,46.275800
10.028100,46.277200
10.023600,46.278600
10.018900,46.280300
10.014500,46.282200
10.010000,46.283600
10.006100,46.285600
10.001400,46.286900
10.000000,46.287600
